{
    "resources": [
        {
            "name": "view/CambiarClave.view.html"
        },
        {
            "name": "controller/login.controller.js"
        },
        {
            "name": "model/models.js"
        },
        {
            "name": "controller/root.controller.js"
        },
        {
            "name": "controller/mainMenu.controller.js"
        },
        {
            "name": "manifest.json"
        },
        {
            "name": "controller/Proceso_Consolidacion.controller.js"
        },
        {
            "name": "controller/NotasFinancieros.controller.js"
        },
        {
            "name": "controller/CambiarClave.controller.js"
        },
        {
            "name": "Component.js"
        },
        {
            "name": "manifest-bundle.zip"
        },
        {
            "name": "Component-preload.js",
            "merged": true
        },
        {
            "name": "model/models-dbg.js",
            "isDebug": true
        },
        {
            "name": "controller/root-dbg.controller.js",
            "isDebug": true
        },
        {
            "name": "controller/mainMenu-dbg.controller.js",
            "isDebug": true
        },
        {
            "name": "controller/login-dbg.controller.js",
            "isDebug": true
        },
        {
            "name": "controller/Proceso_Consolidacion-dbg.controller.js",
            "isDebug": true
        },
        {
            "name": "controller/NotasFinancieros-dbg.controller.js",
            "isDebug": true
        },
        {
            "name": "controller/CambiarClave-dbg.controller.js",
            "isDebug": true
        },
        {
            "name": "Component-dbg.js",
            "isDebug": true
        },
        {
            "name": "../../sap-ui-version.json"
        },
        {
            "name": "view/root.view.html"
        },
        {
            "name": "view/mainMenu.view.xml"
        },
        {
            "name": "view/login.view.html"
        },
        {
            "name": "view/Proceso_Consolidacion.view.xml"
        },
        {
            "name": "view/NotasFinancieros.view.xml"
        },
        {
            "name": "i18n/i18n.properties",
            "raw": "i18n/i18n.properties"
        },
        {
            "name": "img/valorem_icon.png"
        },
        {
            "name": "img/LOGOV7.png"
        },
        {
            "name": "img/LOGOV6.jpg"
        },
        {
            "name": "img/LOGOV1.jpg"
        },
        {
            "name": "css/style.css"
        },
        {
            "name": "index.html"
        }
    ]
}