{
  "index.html": 1605040948454,
  "controller/login.controller.js": 1604953205000,
  "model/models.js": 1604951994000,
  "controller/root.controller.js": 1604953205000,
  "controller/mainMenu.controller.js": 1604953205000,
  "manifest.json": 1605040979883,
  "controller/Proceso_Consolidacion.controller.js": 1604953205000,
  "controller/NotasFinancieros.controller.js": 1604953205000,
  "controller/CambiarClave.controller.js": 1604953205000,
  "Component.js": 1604951993000,
  "manifest-bundle.zip": 1605040979560,
  "Component-preload.js": 1605040979815,
  "model/models-dbg.js": 1604951994000,
  "controller/root-dbg.controller.js": 1604953205000,
  "controller/mainMenu-dbg.controller.js": 1604953205000,
  "controller/login-dbg.controller.js": 1604953205000,
  "controller/Proceso_Consolidacion-dbg.controller.js": 1604953205000,
  "controller/NotasFinancieros-dbg.controller.js": 1604953205000,
  "controller/CambiarClave-dbg.controller.js": 1604953205000,
  "Component-dbg.js": 1604951993000,
  "resources.json": 1605040979888,
  "view/root.view.html": 1604951994000,
  "view/mainMenu.view.xml": 1604951994000,
  "view/login.view.html": 1604953205000,
  "view/Proceso_Consolidacion.view.xml": 1604951994000,
  "view/NotasFinancieros.view.xml": 1604951994000,
  "view/CambiarClave.view.html": 1604953205000,
  "img/valorem_icon.png": 1604951994000,
  "img/LOGOV7.png": 1604951993000,
  "img/LOGOV6.jpg": 1604951993000,
  "img/LOGOV1.jpg": 1604951993000,
  "css/style.css": 1604953205000,
  "i18n/i18n.properties": 1604951993000
}